-- Automated Data Import
BEGIN;
TRUNCATE shell_screen_compatibility, lens_variants, screen_variants, shell_variants, lenses, screens, shells RESTART IDENTITY CASCADE;

INSERT INTO shells (id, handled_model, brand, name, price, mold) VALUES ('SHELL_GBC_OEM', 'Gameboy Color', 'OEM', 'Original Shell (Used)', 20, 'OemStandard');
INSERT INTO shells (id, handled_model, brand, name, price, mold) VALUES ('SHELL_GBC_FP', 'Gameboy Color', 'FunnyPlaying', 'FunnyPlaying RetroPixel Laminated', 20, 'LaminatedReady');
INSERT INTO shells (id, handled_model, brand, name, price, mold) VALUES ('SHELL_GBC_HI_L', 'Gameboy Color', 'Hispeedido', 'Hispeedido Aftermarket Laminated', 10, 'LaminatedReady');
INSERT INTO shells (id, handled_model, brand, name, price, mold) VALUES ('SHELL_GBC_CGS_L', 'Gameboy Color', 'CloudGameStore', 'CGS High Quality Shell Laminated', 20, 'LaminatedReady');
INSERT INTO shells (id, handled_model, brand, name, price, mold) VALUES ('SHELL_GBC_CGS', 'Gameboy Color', 'CloudGameStore', 'CGS High Quality Shell', 20, 'IpsReady');
INSERT INTO shells (id, handled_model, brand, name, price, mold) VALUES ('SHELL_GBC_EXR', 'Gameboy Color', 'ExtremeRate', 'eXtremeRate Premium Shell', 35, 'IpsReady');
INSERT INTO shells (id, handled_model, brand, name, price, mold) VALUES ('SHELL_GBC_HI', 'Gameboy Color', 'Hispeedido', 'Hispeedido Aftermarket', 10, 'IpsReady');
INSERT INTO shell_variants (id, shell_id, name, supplement, color_hex, image_url) VALUES ('VAR_SHELL_GBC_OEM_GRAPE', 'SHELL_GBC_OEM', 'Grape (Violet)', 0, '#6B4C8A', '');
INSERT INTO shell_variants (id, shell_id, name, supplement, color_hex, image_url) VALUES ('VAR_SHELL_GBC_OEM_TEAL', 'SHELL_GBC_OEM', 'Teal (Turquoise)', 0, '#00A89D', '');
INSERT INTO shell_variants (id, shell_id, name, supplement, color_hex, image_url) VALUES ('VAR_SHELL_GBC_OEM_BERRY', 'SHELL_GBC_OEM', 'Berry (Rose/Rouge)', 0, '#C8385A', '');
INSERT INTO shell_variants (id, shell_id, name, supplement, color_hex, image_url) VALUES ('VAR_SHELL_GBC_OEM_DANDELION', 'SHELL_GBC_OEM', 'Dandelion (Jaune)', 0, '#F5D800', '');
INSERT INTO shell_variants (id, shell_id, name, supplement, color_hex, image_url) VALUES ('VAR_SHELL_GBC_OEM_KIWI', 'SHELL_GBC_OEM', 'Kiwi (Vert)', 0, '#8EC740', '');
INSERT INTO shell_variants (id, shell_id, name, supplement, color_hex, image_url) VALUES ('VAR_SHELL_GBC_OEM_ATOMIC_PURPLE', 'SHELL_GBC_OEM', 'Atomic Purple', 0, '#7B68A6', '');
INSERT INTO shell_variants (id, shell_id, name, supplement, color_hex, image_url) VALUES ('VAR_SHELL_GBC_OEM_CLEAR', 'SHELL_GBC_OEM', 'Clear', 0, '#FFFFFF', '');
INSERT INTO shell_variants (id, shell_id, name, supplement, color_hex, image_url) VALUES ('VAR_SHELL_GBC_FP_CLEAR_GREEN', 'SHELL_GBC_FP', 'Clear Green', 0, '#7CB342', '/assets/images/shells/VAR_SHELL_GBC_FP_CLEAR_GREEN.jpg');
INSERT INTO shell_variants (id, shell_id, name, supplement, color_hex, image_url) VALUES ('VAR_SHELL_GBC_FP_ATOMIC_PURPLE', 'SHELL_GBC_FP', 'Atomic Purple', 0, '#7B68A6', '/assets/images/shells/VAR_SHELL_GBC_FP_ATOMIC_PURPLE.jpg');
INSERT INTO shell_variants (id, shell_id, name, supplement, color_hex, image_url) VALUES ('VAR_SHELL_GBC_FP_CLEAR_DEEP_RED', 'SHELL_GBC_FP', 'Clear Deep Red', 0, '#8B0000', '/assets/images/shells/VAR_SHELL_GBC_FP_CLEAR_DEEP_RED.jpg');
INSERT INTO shell_variants (id, shell_id, name, supplement, color_hex, image_url) VALUES ('VAR_SHELL_GBC_FP_CLEAR_YELLOW', 'SHELL_GBC_FP', 'Clear Yellow', 0, '#FFD700', '/assets/images/shells/VAR_SHELL_GBC_FP_CLEAR_YELLOW.jpg');
INSERT INTO shell_variants (id, shell_id, name, supplement, color_hex, image_url) VALUES ('VAR_SHELL_GBC_FP_CLEAR', 'SHELL_GBC_FP', 'Clear', 0, '#FFFFFF', '/assets/images/shells/VAR_SHELL_GBC_FP_CLEAR.jpg');
INSERT INTO shell_variants (id, shell_id, name, supplement, color_hex, image_url) VALUES ('VAR_SHELL_GBC_FP_ORANGE', 'SHELL_GBC_FP', 'Orange', 0, '#FF6600', '/assets/images/shells/VAR_SHELL_GBC_FP_ORANGE.jpg');
INSERT INTO shell_variants (id, shell_id, name, supplement, color_hex, image_url) VALUES ('VAR_SHELL_GBC_FP_CLEAR_ROYAL_BLUE', 'SHELL_GBC_FP', 'Clear Royal Blue', 0, '#4169E1', '/assets/images/shells/VAR_SHELL_GBC_FP_CLEAR_ROYAL_BLUE.jpg');
INSERT INTO shell_variants (id, shell_id, name, supplement, color_hex, image_url) VALUES ('VAR_SHELL_GBC_FP_CLEAR_ORANGE', 'SHELL_GBC_FP', 'Clear Orange', 0, '#FF8C00', '/assets/images/shells/VAR_SHELL_GBC_FP_CLEAR_ORANGE.jpg');
INSERT INTO shell_variants (id, shell_id, name, supplement, color_hex, image_url) VALUES ('VAR_SHELL_GBC_FP_GB_GREY', 'SHELL_GBC_FP', 'GB Grey', 0, '#A0A0A0', '/assets/images/shells/VAR_SHELL_GBC_FP_GB_GREY.jpg');
INSERT INTO shell_variants (id, shell_id, name, supplement, color_hex, image_url) VALUES ('VAR_SHELL_GBC_FP_CLEAR_PURPLE', 'SHELL_GBC_FP', 'Clear Purple', 0, '#9370DB', '/assets/images/shells/VAR_SHELL_GBC_FP_CLEAR_PURPLE.jpg');
INSERT INTO shell_variants (id, shell_id, name, supplement, color_hex, image_url) VALUES ('VAR_SHELL_GBC_FP_CLEAR_LUMINOUS_BLUE', 'SHELL_GBC_FP', 'Clear Luminous Blue', 0, '#00BFFF', '/assets/images/shells/VAR_SHELL_GBC_FP_CLEAR_LUMINOUS_BLUE.jpg');
INSERT INTO shell_variants (id, shell_id, name, supplement, color_hex, image_url) VALUES ('VAR_SHELL_GBC_FP_PURE_WHITE', 'SHELL_GBC_FP', 'Pure White', 0, '#FFFFFF', '/assets/images/shells/VAR_SHELL_GBC_FP_PURE_WHITE.jpg');
INSERT INTO shell_variants (id, shell_id, name, supplement, color_hex, image_url) VALUES ('VAR_SHELL_GBC_FP_CLEAR_BLACK', 'SHELL_GBC_FP', 'Clear Black', 0, '#2F2F2F', '/assets/images/shells/VAR_SHELL_GBC_FP_CLEAR_BLACK.jpg');
INSERT INTO shell_variants (id, shell_id, name, supplement, color_hex, image_url) VALUES ('VAR_SHELL_GBC_FP_BLACK', 'SHELL_GBC_FP', 'Black', 0, '#000000', '/assets/images/shells/VAR_SHELL_GBC_FP_BLACK.jpg');
INSERT INTO shell_variants (id, shell_id, name, supplement, color_hex, image_url) VALUES ('VAR_SHELL_GBC_FP_PINK', 'SHELL_GBC_FP', 'Pink', 0, '#FF69B4', '/assets/images/shells/VAR_SHELL_GBC_FP_PINK.jpg');
INSERT INTO shell_variants (id, shell_id, name, supplement, color_hex, image_url) VALUES ('VAR_SHELL_GBC_FP_FLUORESCENT_YELLOW', 'SHELL_GBC_FP', 'Fluorescent Yellow', 0, '#CCFF00', '/assets/images/shells/VAR_SHELL_GBC_FP_FLUORESCENT_YELLOW.jpg');
INSERT INTO shell_variants (id, shell_id, name, supplement, color_hex, image_url) VALUES ('VAR_SHELL_GBC_FP_EARTHY_YELLOW', 'SHELL_GBC_FP', 'Earthy Yellow', 0, '#D4A574', '/assets/images/shells/VAR_SHELL_GBC_FP_EARTHY_YELLOW.jpg');
INSERT INTO shell_variants (id, shell_id, name, supplement, color_hex, image_url) VALUES ('VAR_SHELL_GBC_FP_MINT_GREEN', 'SHELL_GBC_FP', 'Mint Green', 0, '#98FF98', '/assets/images/shells/VAR_SHELL_GBC_FP_MINT_GREEN.png');
INSERT INTO shell_variants (id, shell_id, name, supplement, color_hex, image_url) VALUES ('VAR_SHELL_GBC_FP_BABY_GREEN', 'SHELL_GBC_FP', 'Baby Green', 0, '#90EE90', '/assets/images/shells/VAR_SHELL_GBC_FP_BABY_GREEN.jpg');
INSERT INTO shell_variants (id, shell_id, name, supplement, color_hex, image_url) VALUES ('VAR_SHELL_GBC_FP_CLEAR_LIGHT_BLUE', 'SHELL_GBC_FP', 'Clear Light Blue', 0, '#ADD8E6', '/assets/images/shells/VAR_SHELL_GBC_FP_CLEAR_LIGHT_BLUE.jpg');
INSERT INTO shell_variants (id, shell_id, name, supplement, color_hex, image_url) VALUES ('VAR_SHELL_GBC_CGS_L_FLUORESCENT', 'SHELL_GBC_CGS_L', 'Fluorescent', 0, '#CCFF00', '/assets/images/shells/VAR_SHELL_GBC_CGS_L_FLUORESCENT.jpg');
INSERT INTO shell_variants (id, shell_id, name, supplement, color_hex, image_url) VALUES ('VAR_SHELL_GBC_CGS_L_CRYSTAL', 'SHELL_GBC_CGS_L', 'Crystal', 0, '#E0E0E0', '/assets/images/shells/VAR_SHELL_GBC_CGS_L_CRYSTAL.jpg');
INSERT INTO shell_variants (id, shell_id, name, supplement, color_hex, image_url) VALUES ('VAR_SHELL_GBC_CGS_L_SHINING', 'SHELL_GBC_CGS_L', 'Shining', 0, '#C0C0C0', '/assets/images/shells/VAR_SHELL_GBC_CGS_L_SHINING.jpg');
INSERT INTO shell_variants (id, shell_id, name, supplement, color_hex, image_url) VALUES ('VAR_SHELL_GBC_CGS_L_WOOD', 'SHELL_GBC_CGS_L', 'Wood', 0, '#8B4513', '/assets/images/shells/VAR_SHELL_GBC_CGS_L_WOOD.jpg');
INSERT INTO shell_variants (id, shell_id, name, supplement, color_hex, image_url) VALUES ('VAR_SHELL_GBC_CGS_L_AURORA', 'SHELL_GBC_CGS_L', 'Aurora', 0, '#FF69B4', '/assets/images/shells/VAR_SHELL_GBC_CGS_L_AURORA.jpg');
INSERT INTO shell_variants (id, shell_id, name, supplement, color_hex, image_url) VALUES ('VAR_SHELL_GBC_CGS_L_CLEAR_BLUE', 'SHELL_GBC_CGS_L', 'Clear Blue', 0, '#87CEEB', '/assets/images/shells/VAR_SHELL_GBC_CGS_L_CLEAR_BLUE.jpg');
INSERT INTO shell_variants (id, shell_id, name, supplement, color_hex, image_url) VALUES ('VAR_SHELL_GBC_CGS_L_CLEAR_MATTE_BLACK', 'SHELL_GBC_CGS_L', 'Clear Matte Black', 0, '#2F2F2F', '/assets/images/shells/VAR_SHELL_GBC_CGS_L_CLEAR_MATTE_BLACK.jpg');
INSERT INTO shell_variants (id, shell_id, name, supplement, color_hex, image_url) VALUES ('VAR_SHELL_GBC_CGS_L_FROSTED_CLEAR', 'SHELL_GBC_CGS_L', 'Frosted Clear', 0, '#F5F5F5', '/assets/images/shells/VAR_SHELL_GBC_CGS_L_FROSTED_CLEAR.jpg');
INSERT INTO shell_variants (id, shell_id, name, supplement, color_hex, image_url) VALUES ('VAR_SHELL_GBC_CGS_AURORA', 'SHELL_GBC_CGS', 'Aurora', 5, '#FF69B4', '/assets/images/shells/VAR_SHELL_GBC_CGS_AURORA.jpg');
INSERT INTO shell_variants (id, shell_id, name, supplement, color_hex, image_url) VALUES ('VAR_SHELL_GBC_CGS_PURE_BLACK', 'SHELL_GBC_CGS', 'Pure Black', 0, '#000000', '/assets/images/shells/VAR_SHELL_GBC_CGS_PURE_BLACK.jpg');
INSERT INTO shell_variants (id, shell_id, name, supplement, color_hex, image_url) VALUES ('VAR_SHELL_GBC_CGS_BLUE_GREEN', 'SHELL_GBC_CGS', 'Blue Green', 0, '#0D98BA', '/assets/images/shells/VAR_SHELL_GBC_CGS_BLUE_GREEN.jpg');
INSERT INTO shell_variants (id, shell_id, name, supplement, color_hex, image_url) VALUES ('VAR_SHELL_GBC_CGS_FROSTED_WHITE', 'SHELL_GBC_CGS', 'Frosted White', 0, '#F8F8FF', '/assets/images/shells/VAR_SHELL_GBC_CGS_FROSTED_WHITE.jpg');
INSERT INTO shell_variants (id, shell_id, name, supplement, color_hex, image_url) VALUES ('VAR_SHELL_GBC_CGS_WOOD', 'SHELL_GBC_CGS', 'Wood', 0, '#8B4513', '/assets/images/shells/VAR_SHELL_GBC_CGS_WOOD.jpg');
INSERT INTO shell_variants (id, shell_id, name, supplement, color_hex, image_url) VALUES ('VAR_SHELL_GBC_CGS_ICE_BLUE', 'SHELL_GBC_CGS', 'Ice Blue', 0, '#B0E0E6', '/assets/images/shells/VAR_SHELL_GBC_CGS_ICE_BLUE.jpg');
INSERT INTO shell_variants (id, shell_id, name, supplement, color_hex, image_url) VALUES ('VAR_SHELL_GBC_CGS_GOLD', 'SHELL_GBC_CGS', 'Gold', 0, '#FFD700', '/assets/images/shells/VAR_SHELL_GBC_CGS_GOLD.jpg');
INSERT INTO shell_variants (id, shell_id, name, supplement, color_hex, image_url) VALUES ('VAR_SHELL_GBC_CGS_SILVER', 'SHELL_GBC_CGS', 'Silver', 0, '#C0C0C0', '/assets/images/shells/VAR_SHELL_GBC_CGS_SILVER.jpg');
INSERT INTO shell_variants (id, shell_id, name, supplement, color_hex, image_url) VALUES ('VAR_SHELL_GBC_CGS_CLEAR_BLUE', 'SHELL_GBC_CGS', 'Clear Blue', 0, '#87CEEB', '/assets/images/shells/VAR_SHELL_GBC_CGS_CLEAR_BLUE.jpg');
INSERT INTO shell_variants (id, shell_id, name, supplement, color_hex, image_url) VALUES ('VAR_SHELL_GBC_CGS_CLEAR', 'SHELL_GBC_CGS', 'Clear', 0, '#FFFFFF', '/assets/images/shells/VAR_SHELL_GBC_CGS_CLEAR.jpg');
INSERT INTO shell_variants (id, shell_id, name, supplement, color_hex, image_url) VALUES ('VAR_SHELL_GBC_CGS_CRYSTAL', 'SHELL_GBC_CGS', 'Crystal', 0, '#E0E0E0', '/assets/images/shells/VAR_SHELL_GBC_CGS_CRYSTAL.jpg');
INSERT INTO shell_variants (id, shell_id, name, supplement, color_hex, image_url) VALUES ('VAR_SHELL_GBC_CGS_FLUORESCENT', 'SHELL_GBC_CGS', 'Fluorescent', 0, '#CCFF00', '/assets/images/shells/VAR_SHELL_GBC_CGS_FLUORESCENT.jpg');
INSERT INTO shell_variants (id, shell_id, name, supplement, color_hex, image_url) VALUES ('VAR_SHELL_GBC_CGS_CLEAR_MATTE_BLACK', 'SHELL_GBC_CGS', 'Clear Matte Black', 0, '#2F2F2F', '/assets/images/shells/VAR_SHELL_GBC_CGS_CLEAR_MATTE_BLACK.jpg');
INSERT INTO shell_variants (id, shell_id, name, supplement, color_hex, image_url) VALUES ('VAR_SHELL_GBC_CGS_CLEAR_PURPLE', 'SHELL_GBC_CGS', 'Clear Purple', 0, '#9370DB', '/assets/images/shells/VAR_SHELL_GBC_CGS_CLEAR_PURPLE.jpg');
INSERT INTO shell_variants (id, shell_id, name, supplement, color_hex, image_url) VALUES ('VAR_SHELL_GBC_CGS_POKEMON_3RD', 'SHELL_GBC_CGS', 'Pokemon Center 3rd Anniversary', 5, '#FF6600', '/assets/images/shells/VAR_SHELL_GBC_CGS_POKEMON_3RD.jpg');
INSERT INTO shell_variants (id, shell_id, name, supplement, color_hex, image_url) VALUES ('VAR_SHELL_GBC_EXR_CLEAR', 'SHELL_GBC_EXR', 'Transparent Clear', 0, '', '/assets/images/shells/VAR_SHELL_GBC_EXR_CLEAR.jpg');
INSERT INTO shell_variants (id, shell_id, name, supplement, color_hex, image_url) VALUES ('VAR_SHELL_GBC_EXR_CLEAR_RED', 'SHELL_GBC_EXR', 'Transparent Clear Red', 0, '', '/assets/images/shells/VAR_SHELL_GBC_EXR_CLEAR_RED.jpg');
INSERT INTO shell_variants (id, shell_id, name, supplement, color_hex, image_url) VALUES ('VAR_SHELL_GBC_EXR_CLEAR_PURPLE', 'SHELL_GBC_EXR', 'Transparent Clear Purple', 0, '', '/assets/images/shells/VAR_SHELL_GBC_EXR_CLEAR_PURPLE.jpg');
INSERT INTO shell_variants (id, shell_id, name, supplement, color_hex, image_url) VALUES ('VAR_SHELL_GBC_EXR_GLACIER_BLUE', 'SHELL_GBC_EXR', 'Glacier Blue', 0, '', '/assets/images/shells/VAR_SHELL_GBC_EXR_GLACIER_BLUE.jpg');
INSERT INTO shell_variants (id, shell_id, name, supplement, color_hex, image_url) VALUES ('VAR_SHELL_GBC_EXR_BLACK', 'SHELL_GBC_EXR', 'Black', 0, '', '/assets/images/shells/VAR_SHELL_GBC_EXR_BLACK.jpg');
INSERT INTO shell_variants (id, shell_id, name, supplement, color_hex, image_url) VALUES ('VAR_SHELL_GBC_EXR_WHITE', 'SHELL_GBC_EXR', 'White', 0, '', '/assets/images/shells/VAR_SHELL_GBC_EXR_WHITE.jpg');
INSERT INTO shell_variants (id, shell_id, name, supplement, color_hex, image_url) VALUES ('VAR_SHELL_GBC_EXR_CLASSIC_GRAY', 'SHELL_GBC_EXR', 'Classic Gray', 0, '', '/assets/images/shells/VAR_SHELL_GBC_EXR_CLASSIC_GRAY.jpg');
INSERT INTO shell_variants (id, shell_id, name, supplement, color_hex, image_url) VALUES ('VAR_SHELL_GBC_EXR_SCARLET_RED', 'SHELL_GBC_EXR', 'Scarlet Red', 0, '', '/assets/images/shells/VAR_SHELL_GBC_EXR_SCARLET_RED.jpg');
INSERT INTO shell_variants (id, shell_id, name, supplement, color_hex, image_url) VALUES ('VAR_SHELL_GBC_EXR_CHERRY_PINK', 'SHELL_GBC_EXR', 'Cherry Blossoms Pink', 0, '', '/assets/images/shells/VAR_SHELL_GBC_EXR_CHERRY_PINK.jpg');
INSERT INTO shell_variants (id, shell_id, name, supplement, color_hex, image_url) VALUES ('VAR_SHELL_GBC_EXR_CHAMELEON_PURPLE_BLUE', 'SHELL_GBC_EXR', 'Chameleon Purple Blue', 0, '', '/assets/images/shells/VAR_SHELL_GBC_EXR_CHAMELEON_PURPLE_BLUE.jpg');
INSERT INTO shell_variants (id, shell_id, name, supplement, color_hex, image_url) VALUES ('VAR_SHELL_GBC_EXR_GLOW_GREEN', 'SHELL_GBC_EXR', 'Glow in Dark Green', 0, '', '/assets/images/shells/VAR_SHELL_GBC_EXR_GLOW_GREEN.jpg');
INSERT INTO shell_variants (id, shell_id, name, supplement, color_hex, image_url) VALUES ('VAR_SHELL_GBC_EXR_GREAT_WAVE', 'SHELL_GBC_EXR', 'The Great Wave', 0, '', '/assets/images/shells/VAR_SHELL_GBC_EXR_GREAT_WAVE.jpg');
INSERT INTO shell_variants (id, shell_id, name, supplement, color_hex, image_url) VALUES ('VAR_SHELL_GBC_EXR_NES_CLASSIC', 'SHELL_GBC_EXR', 'Classics NES Style', 0, '', '/assets/images/shells/VAR_SHELL_GBC_EXR_NES_CLASSIC.jpg');
INSERT INTO shell_variants (id, shell_id, name, supplement, color_hex, image_url) VALUES ('VAR_SHELL_GBC_EXR_WOOD_GRAIN', 'SHELL_GBC_EXR', 'Wood Grain', 0, '', '/assets/images/shells/VAR_SHELL_GBC_EXR_WOOD_GRAIN.jpg');
INSERT INTO shell_variants (id, shell_id, name, supplement, color_hex, image_url) VALUES ('VAR_SHELL_GBC_HI_SAPPHIRE_BLUE', 'SHELL_GBC_HI', 'Sapphire Blue', 0, '', '/assets/images/shells/VAR_SHELL_GBC_HI_SAPPHIRE_BLUE.jpg');
INSERT INTO shell_variants (id, shell_id, name, supplement, color_hex, image_url) VALUES ('VAR_SHELL_GBC_HI_DARK_GREEN', 'SHELL_GBC_HI', 'Dark Green', 0, '', '/assets/images/shells/VAR_SHELL_GBC_HI_DARK_GREEN.jpg');
INSERT INTO shell_variants (id, shell_id, name, supplement, color_hex, image_url) VALUES ('VAR_SHELL_GBC_HI_GREEN', 'SHELL_GBC_HI', 'Green', 0, '', '/assets/images/shells/VAR_SHELL_GBC_HI_GREEN.jpg');
INSERT INTO shell_variants (id, shell_id, name, supplement, color_hex, image_url) VALUES ('VAR_SHELL_GBC_HI_L_SAPPHIRE_BLUE', 'SHELL_GBC_HI_L', 'Sapphire Blue', 0, '#0F52BA', '/assets/images/shells/VAR_SHELL_GBC_HI_L_SAPPHIRE_BLUE.jpg');
INSERT INTO shell_variants (id, shell_id, name, supplement, color_hex, image_url) VALUES ('VAR_SHELL_GBC_HI_L_DARK_GREEN', 'SHELL_GBC_HI_L', 'Dark Green', 0, '#013220', '/assets/images/shells/VAR_SHELL_GBC_HI_L_DARK_GREEN.jpg');
INSERT INTO shell_variants (id, shell_id, name, supplement, color_hex, image_url) VALUES ('VAR_SHELL_GBC_HI_L_DARK_BLUE', 'SHELL_GBC_HI_L', 'Dark Blue', 0, '#00008B', '/assets/images/shells/VAR_SHELL_GBC_HI_L_DARK_BLUE.jpg');
INSERT INTO shell_variants (id, shell_id, name, supplement, color_hex, image_url) VALUES ('VAR_SHELL_GBC_HI_L_GREEN', 'SHELL_GBC_HI_L', 'Green', 0, '#228B22', '/assets/images/shells/VAR_SHELL_GBC_HI_L_GREEN.jpg');
INSERT INTO screens (id, handled_model, brand, name, price, size, assembly) VALUES ('SCR_GBC_OEM', 'Gameboy Color', 'OEM', 'Original LCD Screen', 0, 'Standard', 'Component');
INSERT INTO screens (id, handled_model, brand, name, price, size, assembly) VALUES ('SCR_GBC_FP_RP20', 'Gameboy Color', 'FunnyPlaying', 'FunnyPlaying Retro Pixel 2.0 IPS Laminated', 70, 'Large', 'Laminated');
INSERT INTO screens (id, handled_model, brand, name, price, size, assembly) VALUES ('SCR_GBC_HI_Q5L', 'Gameboy Color', 'Hispeedido', 'Hispeedido Q5 IPS Laminated', 70, 'Large', 'Laminated');
INSERT INTO screens (id, handled_model, brand, name, price, size, assembly) VALUES ('SCR_GBC_HI_OLED', 'Gameboy Color', 'Hispeedido', 'Hispeedido Q5 OLED Laminated', 70, 'Large', 'Laminated');
INSERT INTO screens (id, handled_model, brand, name, price, size, assembly) VALUES ('SCR_GBC_CGS_278', 'Gameboy Color', 'CloudGameStore', 'CGS 2.78 LCD Half Reflection Half Transmission Screen', 70, 'Large', 'Laminated');
INSERT INTO screens (id, handled_model, brand, name, price, size, assembly) VALUES ('SCR_GBC_HI_245L', 'Gameboy Color', 'Hispeedido', 'Hispeedido IPS 2.45 Drop-in Laminated', 70, 'Standard', 'Laminated');
INSERT INTO screens (id, handled_model, brand, name, price, size, assembly) VALUES ('SCR_GBC_HI_Q5', 'Gameboy Color', 'Hispeedido', 'Hispeedido Q5 IPS', 70, 'Large', 'Component');
INSERT INTO screens (id, handled_model, brand, name, price, size, assembly) VALUES ('SCR_GBC_HI_245', 'Gameboy Color', 'Hispeedido', 'Hispeedido IPS 2.45 Drop-in', 65, 'Standard', 'Component');
INSERT INTO screens (id, handled_model, brand, name, price, size, assembly) VALUES ('SCR_GBC_CGS_26_IPS', 'Gameboy Color', 'CloudGameStore', 'CGS 2.6 IPS', 65, 'Large', 'Component');
INSERT INTO screens (id, handled_model, brand, name, price, size, assembly) VALUES ('SCR_GBC_CGS_245_TFT', 'Gameboy Color', 'CloudGameStore', 'CGS 2.45 TFT', 60, 'Standard', 'Component');
INSERT INTO screen_variants (id, screen_id, name, supplement, image_url) VALUES ('VAR_SCR_GBC_FP_RP20_BLACK', 'SCR_GBC_FP_RP20', 'Black', 0, '/assets/images/screens/VAR_SCR_GBC_FP_RP20_BLACK.jpg');
INSERT INTO screen_variants (id, screen_id, name, supplement, image_url) VALUES ('VAR_SCR_GBC_FP_RP20_WHITE', 'SCR_GBC_FP_RP20', 'White', 0, '/assets/images/screens/VAR_SCR_GBC_FP_RP20_WHITE.jpg');
INSERT INTO screen_variants (id, screen_id, name, supplement, image_url) VALUES ('VAR_SCR_GBC_FP_RP20_GREY', 'SCR_GBC_FP_RP20', 'Grey', 0, '/assets/images/screens/VAR_SCR_GBC_FP_RP20_GREY.jpg');
INSERT INTO screen_variants (id, screen_id, name, supplement, image_url) VALUES ('VAR_SCR_GBC_FP_RP20_BLUE', 'SCR_GBC_FP_RP20', 'Laminated Blue', 0, '/assets/images/screens/VAR_SCR_GBC_FP_RP20_BLUE.jpg');
INSERT INTO screen_variants (id, screen_id, name, supplement, image_url) VALUES ('VAR_SCR_GBC_FP_RP20_YELLOW', 'SCR_GBC_FP_RP20', 'Laminated Yellow', 0, '/assets/images/screens/VAR_SCR_GBC_FP_RP20_YELLOW.jpg');
INSERT INTO screen_variants (id, screen_id, name, supplement, image_url) VALUES ('VAR_SCR_GBC_FP_RP20_GREEN', 'SCR_GBC_FP_RP20', 'Laminated Green', 0, '/assets/images/screens/VAR_SCR_GBC_FP_RP20_GREEN.jpg');
INSERT INTO screen_variants (id, screen_id, name, supplement, image_url) VALUES ('VAR_SCR_GBC_FP_RP20_RED', 'SCR_GBC_FP_RP20', 'Laminated Red', 0, '/assets/images/screens/VAR_SCR_GBC_FP_RP20_RED.jpg');
INSERT INTO screen_variants (id, screen_id, name, supplement, image_url) VALUES ('VAR_SCR_GBC_HI_Q5L_BLACK', 'SCR_GBC_HI_Q5L', 'Black', 0, '/assets/images/screens/VAR_SCR_GBC_HI_Q5L_BLACK.jpg');
INSERT INTO screen_variants (id, screen_id, name, supplement, image_url) VALUES ('VAR_SCR_GBC_HI_Q5L_WHITE', 'SCR_GBC_HI_Q5L', 'White', 0, '/assets/images/screens/VAR_SCR_GBC_HI_Q5L_WHITE.jpg');
INSERT INTO screen_variants (id, screen_id, name, supplement, image_url) VALUES ('VAR_SCR_GBC_HI_245L_BLACK', 'SCR_GBC_HI_245L', 'Black', 0, '/assets/images/screens/VAR_SCR_GBC_HI_245L_BLACK.jpg');
INSERT INTO screen_variants (id, screen_id, name, supplement, image_url) VALUES ('VAR_SCR_GBC_CGS_278_DARK_GRAY', 'SCR_GBC_CGS_278', 'Dark Gray', 0, '/assets/images/screens/VAR_SCR_GBC_CGS_278_DARK_GRAY.jpg');
INSERT INTO screen_variants (id, screen_id, name, supplement, image_url) VALUES ('VAR_SCR_GBC_CGS_278_WHITE', 'SCR_GBC_CGS_278', 'White', 0, '/assets/images/screens/VAR_SCR_GBC_CGS_278_WHITE.jpg');
INSERT INTO screen_variants (id, screen_id, name, supplement, image_url) VALUES ('VAR_SCR_GBC_CGS_278_BLACK_NOLOGO', 'SCR_GBC_CGS_278', 'Black (No Logo)', 0, '/assets/images/screens/VAR_SCR_GBC_CGS_278_BLACK_NOLOGO.jpg');
INSERT INTO screen_variants (id, screen_id, name, supplement, image_url) VALUES ('VAR_SCR_GBC_OEM_DEFAULT', 'SCR_GBC_OEM', 'Original', 0, '/assets/images/screens/VAR_SCR_GBC_OEM_DEFAULT.jpg');
INSERT INTO lenses (id, name, price, size) VALUES ('LENS_GBC_STD_GLASS', 'Vitre Verre Standard 2.45', 5, 'Standard');
INSERT INTO lenses (id, name, price, size) VALUES ('LENS_GBC_LRG_GLASS', 'Vitre Verre Large 2.6', 5, 'Large');
INSERT INTO lens_variants (id, lens_id, name, supplement, image_url) VALUES ('VAR_LENS_GBC_STD_BLACK_NOLOGO', 'LENS_GBC_STD_GLASS', 'Black (No Logo)', 0, '/assets/images/lenses/VAR_LENS_GBC_STD_BLACK_NOLOGO.jpg');
INSERT INTO lens_variants (id, lens_id, name, supplement, image_url) VALUES ('VAR_LENS_GBC_STD_BLACK', 'LENS_GBC_STD_GLASS', 'Black', 0, '/assets/images/lenses/VAR_LENS_GBC_STD_BLACK.jpg');
INSERT INTO lens_variants (id, lens_id, name, supplement, image_url) VALUES ('VAR_LENS_GBC_STD_WHITE', 'LENS_GBC_STD_GLASS', 'White', 0, '/assets/images/lenses/VAR_LENS_GBC_STD_WHITE.jpg');
INSERT INTO lens_variants (id, lens_id, name, supplement, image_url) VALUES ('VAR_LENS_GBC_STD_SAKURA', 'LENS_GBC_STD_GLASS', 'Sakura', 0, '/assets/images/lenses/VAR_LENS_GBC_STD_SAKURA.jpg');
INSERT INTO lens_variants (id, lens_id, name, supplement, image_url) VALUES ('VAR_LENS_GBC_STD_SHINY', 'LENS_GBC_STD_GLASS', 'Shiny', 0, '/assets/images/lenses/VAR_LENS_GBC_STD_SHINY.jpg');
INSERT INTO lens_variants (id, lens_id, name, supplement, image_url) VALUES ('VAR_LENS_GBC_STD_SILVER', 'LENS_GBC_STD_GLASS', 'Silver', 0, '/assets/images/lenses/VAR_LENS_GBC_STD_SILVER.jpg');
INSERT INTO lens_variants (id, lens_id, name, supplement, image_url) VALUES ('VAR_LENS_GBC_STD_GREY', 'LENS_GBC_STD_GLASS', 'Grey', 0, '/assets/images/lenses/VAR_LENS_GBC_STD_GREY.jpg');
INSERT INTO lens_variants (id, lens_id, name, supplement, image_url) VALUES ('VAR_LENS_GBC_STD_PINK', 'LENS_GBC_STD_GLASS', 'Pink', 0, '/assets/images/lenses/VAR_LENS_GBC_STD_PINK.jpg');
INSERT INTO lens_variants (id, lens_id, name, supplement, image_url) VALUES ('VAR_LENS_GBC_STD_MARIO_LUIGI', 'LENS_GBC_STD_GLASS', 'Mario Luigi', 0, '/assets/images/lenses/VAR_LENS_GBC_STD_MARIO_LUIGI.jpg');
INSERT INTO lens_variants (id, lens_id, name, supplement, image_url) VALUES ('VAR_LENS_GBC_STD_PIKA', 'LENS_GBC_STD_GLASS', 'Pikachu', 0, '/assets/images/lenses/VAR_LENS_GBC_STD_PIKA.jpg');
INSERT INTO lens_variants (id, lens_id, name, supplement, image_url) VALUES ('VAR_LENS_GBC_STD_BLACK_PMG', 'LENS_GBC_STD_GLASS', 'Gen1 Black (Pokemon)', 0, '/assets/images/lenses/VAR_LENS_GBC_STD_BLACK_PMG.jpg');
INSERT INTO lens_variants (id, lens_id, name, supplement, image_url) VALUES ('VAR_LENS_GBC_STD_WHITE_PMG', 'LENS_GBC_STD_GLASS', 'Gen1 White (Pokemon)', 0, '/assets/images/lenses/VAR_LENS_GBC_STD_WHITE_PMG.webp');
INSERT INTO lens_variants (id, lens_id, name, supplement, image_url) VALUES ('VAR_LENS_GBC_STD_BLACK_3RD', 'LENS_GBC_STD_GLASS', 'Gen2 Black (Pokemon)', 0, '/assets/images/lenses/VAR_LENS_GBC_STD_BLACK_3RD.jpg');
INSERT INTO lens_variants (id, lens_id, name, supplement, image_url) VALUES ('VAR_LENS_GBC_STD_WHITE_3RD', 'LENS_GBC_STD_GLASS', 'Gen2 White (Pokemon)', 0, '/assets/images/lenses/VAR_LENS_GBC_STD_WHITE_3RD.jpg');
INSERT INTO lens_variants (id, lens_id, name, supplement, image_url) VALUES ('VAR_LENS_GBC_STD_HORROR', 'LENS_GBC_STD_GLASS', 'Horror', 0, '/assets/images/lenses/VAR_LENS_GBC_STD_HORROR.png');
INSERT INTO lens_variants (id, lens_id, name, supplement, image_url) VALUES ('VAR_LENS_GBC_LRG_BLACK', 'LENS_GBC_LRG_GLASS', 'Black', 0, '/assets/images/lenses/VAR_LENS_GBC_LRG_BLACK.jpg');
INSERT INTO lens_variants (id, lens_id, name, supplement, image_url) VALUES ('VAR_LENS_GBC_LRG_BLACK_NOLOGO', 'LENS_GBC_LRG_GLASS', 'Black (No Logo)', 0, '/assets/images/lenses/VAR_LENS_GBC_LRG_BLACK_NOLOGO.jpg');
INSERT INTO lens_variants (id, lens_id, name, supplement, image_url) VALUES ('VAR_LENS_GBC_LRG_BLUE', 'LENS_GBC_LRG_GLASS', 'Blue', 0, '/assets/images/lenses/VAR_LENS_GBC_LRG_BLUE.jpg');
INSERT INTO lens_variants (id, lens_id, name, supplement, image_url) VALUES ('VAR_LENS_GBC_LRG_CLARET', 'LENS_GBC_LRG_GLASS', 'Claret', 0, '/assets/images/lenses/VAR_LENS_GBC_LRG_CLARET.jpg');
INSERT INTO lens_variants (id, lens_id, name, supplement, image_url) VALUES ('VAR_LENS_GBC_LRG_GOLD', 'LENS_GBC_LRG_GLASS', 'Gold', 0, '/assets/images/lenses/VAR_LENS_GBC_LRG_GOLD.jpg');
INSERT INTO lens_variants (id, lens_id, name, supplement, image_url) VALUES ('VAR_LENS_GBC_LRG_SILVER', 'LENS_GBC_LRG_GLASS', 'Silver', 0, '/assets/images/lenses/VAR_LENS_GBC_LRG_SILVER.jpg');
INSERT INTO lens_variants (id, lens_id, name, supplement, image_url) VALUES ('VAR_LENS_GBC_LRG_WHITE', 'LENS_GBC_LRG_GLASS', 'White', 0, '/assets/images/lenses/VAR_LENS_GBC_LRG_WHITE.jpg');
INSERT INTO lens_variants (id, lens_id, name, supplement, image_url) VALUES ('VAR_LENS_GBC_LRG_GREEN', 'LENS_GBC_LRG_GLASS', 'Green', 0, '/assets/images/lenses/VAR_LENS_GBC_LRG_GREEN.jpg');
INSERT INTO lens_variants (id, lens_id, name, supplement, image_url) VALUES ('VAR_LENS_GBC_LRG_HORROR', 'LENS_GBC_LRG_GLASS', 'Horror', 0, '/assets/images/lenses/VAR_LENS_GBC_LRG_HORROR.jpg');
INSERT INTO lens_variants (id, lens_id, name, supplement, image_url) VALUES ('VAR_LENS_GBC_LRG_PINK', 'LENS_GBC_LRG_GLASS', 'Pink', 0, '/assets/images/lenses/VAR_LENS_GBC_LRG_PINK.jpg');
INSERT INTO lens_variants (id, lens_id, name, supplement, image_url) VALUES ('VAR_LENS_GBC_LRG_SHINY', 'LENS_GBC_LRG_GLASS', 'Shiny', 0, '/assets/images/lenses/VAR_LENS_GBC_LRG_SHINY.jpg');
INSERT INTO lens_variants (id, lens_id, name, supplement, image_url) VALUES ('VAR_LENS_GBC_LRG_GREY', 'LENS_GBC_LRG_GLASS', 'Grey', 0, '/assets/images/lenses/VAR_LENS_GBC_LRG_GREY.jpg');
INSERT INTO shell_screen_compatibility (screen_id, shell_id, status) VALUES ('SCR_GBC_OEM', 'SHELL_GBC_OEM', 'Yes');
INSERT INTO shell_screen_compatibility (screen_id, shell_id, status) VALUES ('SCR_GBC_OEM', 'SHELL_GBC_FP', 'No');
INSERT INTO shell_screen_compatibility (screen_id, shell_id, status) VALUES ('SCR_GBC_OEM', 'SHELL_GBC_HI_L', 'No');
INSERT INTO shell_screen_compatibility (screen_id, shell_id, status) VALUES ('SCR_GBC_OEM', 'SHELL_GBC_CGS_L', 'No');
INSERT INTO shell_screen_compatibility (screen_id, shell_id, status) VALUES ('SCR_GBC_OEM', 'SHELL_GBC_CGS', 'Yes');
INSERT INTO shell_screen_compatibility (screen_id, shell_id, status) VALUES ('SCR_GBC_OEM', 'SHELL_GBC_EXR', 'Yes');
INSERT INTO shell_screen_compatibility (screen_id, shell_id, status) VALUES ('SCR_GBC_OEM', 'SHELL_GBC_HI', 'Yes');
INSERT INTO shell_screen_compatibility (screen_id, shell_id, status) VALUES ('SCR_GBC_FP_RP20', 'SHELL_GBC_OEM', 'Cut');
INSERT INTO shell_screen_compatibility (screen_id, shell_id, status) VALUES ('SCR_GBC_FP_RP20', 'SHELL_GBC_FP', 'Yes');
INSERT INTO shell_screen_compatibility (screen_id, shell_id, status) VALUES ('SCR_GBC_FP_RP20', 'SHELL_GBC_HI_L', 'Yes');
INSERT INTO shell_screen_compatibility (screen_id, shell_id, status) VALUES ('SCR_GBC_FP_RP20', 'SHELL_GBC_CGS_L', 'Yes');
INSERT INTO shell_screen_compatibility (screen_id, shell_id, status) VALUES ('SCR_GBC_FP_RP20', 'SHELL_GBC_CGS', 'Cut');
INSERT INTO shell_screen_compatibility (screen_id, shell_id, status) VALUES ('SCR_GBC_FP_RP20', 'SHELL_GBC_EXR', 'Cut');
INSERT INTO shell_screen_compatibility (screen_id, shell_id, status) VALUES ('SCR_GBC_FP_RP20', 'SHELL_GBC_HI', 'No');
INSERT INTO shell_screen_compatibility (screen_id, shell_id, status) VALUES ('SCR_GBC_HI_Q5L', 'SHELL_GBC_OEM', 'Cut');
INSERT INTO shell_screen_compatibility (screen_id, shell_id, status) VALUES ('SCR_GBC_HI_Q5L', 'SHELL_GBC_FP', 'Yes');
INSERT INTO shell_screen_compatibility (screen_id, shell_id, status) VALUES ('SCR_GBC_HI_Q5L', 'SHELL_GBC_HI_L', 'Yes');
INSERT INTO shell_screen_compatibility (screen_id, shell_id, status) VALUES ('SCR_GBC_HI_Q5L', 'SHELL_GBC_CGS_L', 'Yes');
INSERT INTO shell_screen_compatibility (screen_id, shell_id, status) VALUES ('SCR_GBC_HI_Q5L', 'SHELL_GBC_CGS', 'Cut');
INSERT INTO shell_screen_compatibility (screen_id, shell_id, status) VALUES ('SCR_GBC_HI_Q5L', 'SHELL_GBC_EXR', 'Cut');
INSERT INTO shell_screen_compatibility (screen_id, shell_id, status) VALUES ('SCR_GBC_HI_Q5L', 'SHELL_GBC_HI', 'No');
INSERT INTO shell_screen_compatibility (screen_id, shell_id, status) VALUES ('SCR_GBC_HI_OLED', 'SHELL_GBC_OEM', 'Cut');
INSERT INTO shell_screen_compatibility (screen_id, shell_id, status) VALUES ('SCR_GBC_HI_OLED', 'SHELL_GBC_FP', 'Yes');
INSERT INTO shell_screen_compatibility (screen_id, shell_id, status) VALUES ('SCR_GBC_HI_OLED', 'SHELL_GBC_HI_L', 'Yes');
INSERT INTO shell_screen_compatibility (screen_id, shell_id, status) VALUES ('SCR_GBC_HI_OLED', 'SHELL_GBC_CGS_L', 'Yes');
INSERT INTO shell_screen_compatibility (screen_id, shell_id, status) VALUES ('SCR_GBC_HI_OLED', 'SHELL_GBC_CGS', 'Cut');
INSERT INTO shell_screen_compatibility (screen_id, shell_id, status) VALUES ('SCR_GBC_HI_OLED', 'SHELL_GBC_EXR', 'Cut');
INSERT INTO shell_screen_compatibility (screen_id, shell_id, status) VALUES ('SCR_GBC_HI_OLED', 'SHELL_GBC_HI', 'No');
INSERT INTO shell_screen_compatibility (screen_id, shell_id, status) VALUES ('SCR_GBC_CGS_278', 'SHELL_GBC_OEM', 'Cut');
INSERT INTO shell_screen_compatibility (screen_id, shell_id, status) VALUES ('SCR_GBC_CGS_278', 'SHELL_GBC_FP', 'Yes');
INSERT INTO shell_screen_compatibility (screen_id, shell_id, status) VALUES ('SCR_GBC_CGS_278', 'SHELL_GBC_HI_L', 'Yes');
INSERT INTO shell_screen_compatibility (screen_id, shell_id, status) VALUES ('SCR_GBC_CGS_278', 'SHELL_GBC_CGS_L', 'Yes');
INSERT INTO shell_screen_compatibility (screen_id, shell_id, status) VALUES ('SCR_GBC_CGS_278', 'SHELL_GBC_CGS', 'No');
INSERT INTO shell_screen_compatibility (screen_id, shell_id, status) VALUES ('SCR_GBC_CGS_278', 'SHELL_GBC_EXR', 'Cut');
INSERT INTO shell_screen_compatibility (screen_id, shell_id, status) VALUES ('SCR_GBC_CGS_278', 'SHELL_GBC_HI', 'No');
INSERT INTO shell_screen_compatibility (screen_id, shell_id, status) VALUES ('SCR_GBC_HI_245L', 'SHELL_GBC_OEM', 'Cut');
INSERT INTO shell_screen_compatibility (screen_id, shell_id, status) VALUES ('SCR_GBC_HI_245L', 'SHELL_GBC_FP', 'Yes');
INSERT INTO shell_screen_compatibility (screen_id, shell_id, status) VALUES ('SCR_GBC_HI_245L', 'SHELL_GBC_HI_L', 'Yes');
INSERT INTO shell_screen_compatibility (screen_id, shell_id, status) VALUES ('SCR_GBC_HI_245L', 'SHELL_GBC_CGS_L', 'Yes');
INSERT INTO shell_screen_compatibility (screen_id, shell_id, status) VALUES ('SCR_GBC_HI_245L', 'SHELL_GBC_CGS', 'Yes');
INSERT INTO shell_screen_compatibility (screen_id, shell_id, status) VALUES ('SCR_GBC_HI_245L', 'SHELL_GBC_EXR', 'Cut');
INSERT INTO shell_screen_compatibility (screen_id, shell_id, status) VALUES ('SCR_GBC_HI_245L', 'SHELL_GBC_HI', 'No');
INSERT INTO shell_screen_compatibility (screen_id, shell_id, status) VALUES ('SCR_GBC_HI_Q5', 'SHELL_GBC_OEM', 'Cut');
INSERT INTO shell_screen_compatibility (screen_id, shell_id, status) VALUES ('SCR_GBC_HI_Q5', 'SHELL_GBC_FP', 'No');
INSERT INTO shell_screen_compatibility (screen_id, shell_id, status) VALUES ('SCR_GBC_HI_Q5', 'SHELL_GBC_HI_L', 'No');
INSERT INTO shell_screen_compatibility (screen_id, shell_id, status) VALUES ('SCR_GBC_HI_Q5', 'SHELL_GBC_CGS_L', 'No');
INSERT INTO shell_screen_compatibility (screen_id, shell_id, status) VALUES ('SCR_GBC_HI_Q5', 'SHELL_GBC_CGS', 'Cut');
INSERT INTO shell_screen_compatibility (screen_id, shell_id, status) VALUES ('SCR_GBC_HI_Q5', 'SHELL_GBC_EXR', 'Cut');
INSERT INTO shell_screen_compatibility (screen_id, shell_id, status) VALUES ('SCR_GBC_HI_Q5', 'SHELL_GBC_HI', 'Cut');
INSERT INTO shell_screen_compatibility (screen_id, shell_id, status) VALUES ('SCR_GBC_HI_245', 'SHELL_GBC_OEM', 'Yes');
INSERT INTO shell_screen_compatibility (screen_id, shell_id, status) VALUES ('SCR_GBC_HI_245', 'SHELL_GBC_FP', 'No');
INSERT INTO shell_screen_compatibility (screen_id, shell_id, status) VALUES ('SCR_GBC_HI_245', 'SHELL_GBC_HI_L', 'No');
INSERT INTO shell_screen_compatibility (screen_id, shell_id, status) VALUES ('SCR_GBC_HI_245', 'SHELL_GBC_CGS_L', 'No');
INSERT INTO shell_screen_compatibility (screen_id, shell_id, status) VALUES ('SCR_GBC_HI_245', 'SHELL_GBC_CGS', 'Yes');
INSERT INTO shell_screen_compatibility (screen_id, shell_id, status) VALUES ('SCR_GBC_HI_245', 'SHELL_GBC_EXR', 'Yes');
INSERT INTO shell_screen_compatibility (screen_id, shell_id, status) VALUES ('SCR_GBC_HI_245', 'SHELL_GBC_HI', 'Yes');
INSERT INTO shell_screen_compatibility (screen_id, shell_id, status) VALUES ('SCR_GBC_CGS_26_IPS', 'SHELL_GBC_OEM', 'Cut');
INSERT INTO shell_screen_compatibility (screen_id, shell_id, status) VALUES ('SCR_GBC_CGS_26_IPS', 'SHELL_GBC_FP', 'No');
INSERT INTO shell_screen_compatibility (screen_id, shell_id, status) VALUES ('SCR_GBC_CGS_26_IPS', 'SHELL_GBC_HI_L', 'No');
INSERT INTO shell_screen_compatibility (screen_id, shell_id, status) VALUES ('SCR_GBC_CGS_26_IPS', 'SHELL_GBC_CGS_L', 'Yes');
INSERT INTO shell_screen_compatibility (screen_id, shell_id, status) VALUES ('SCR_GBC_CGS_26_IPS', 'SHELL_GBC_CGS', 'No');
INSERT INTO shell_screen_compatibility (screen_id, shell_id, status) VALUES ('SCR_GBC_CGS_26_IPS', 'SHELL_GBC_EXR', 'Cut');
INSERT INTO shell_screen_compatibility (screen_id, shell_id, status) VALUES ('SCR_GBC_CGS_26_IPS', 'SHELL_GBC_HI', 'No');
INSERT INTO shell_screen_compatibility (screen_id, shell_id, status) VALUES ('SCR_GBC_CGS_245_TFT', 'SHELL_GBC_OEM', 'Yes');
INSERT INTO shell_screen_compatibility (screen_id, shell_id, status) VALUES ('SCR_GBC_CGS_245_TFT', 'SHELL_GBC_FP', 'No');
INSERT INTO shell_screen_compatibility (screen_id, shell_id, status) VALUES ('SCR_GBC_CGS_245_TFT', 'SHELL_GBC_HI_L', 'No');
INSERT INTO shell_screen_compatibility (screen_id, shell_id, status) VALUES ('SCR_GBC_CGS_245_TFT', 'SHELL_GBC_CGS_L', 'No');
INSERT INTO shell_screen_compatibility (screen_id, shell_id, status) VALUES ('SCR_GBC_CGS_245_TFT', 'SHELL_GBC_CGS', 'Yes');
INSERT INTO shell_screen_compatibility (screen_id, shell_id, status) VALUES ('SCR_GBC_CGS_245_TFT', 'SHELL_GBC_EXR', 'Yes');
INSERT INTO shell_screen_compatibility (screen_id, shell_id, status) VALUES ('SCR_GBC_CGS_245_TFT', 'SHELL_GBC_HI', 'Yes');
COMMIT;
